case_id,type,canonical,matched,normalized,statute,date,year
2025_7_1858_1878_EN,section,Section 35,s.35,35,Bharatiya Nagarik Suraksha Sanhita,,2025
2025_7_1858_1878_EN,section,Section 530,s.530,530,Bharatiya Nagarik Suraksha Sanhita,,2025
2025_7_1858_1878_EN,section,Section 35,s.35,35,Bharatiya Nagarik Suraksha Sanhita,,2025
2025_7_1858_1878_EN,section,Section 71,s.71,71,Bharatiya Nagarik Suraksha Sanhita,,2025
2025_7_1858_1878_EN,section,Section 71,s.71,71,Bharatiya Nagarik Suraksha Sanhita,,2025
2025_7_1858_1878_EN,section,Section 35,s.35,35,Bharatiya Nagarik Suraksha Sanhita,,2025
2025_7_1858_1878_EN,section,Section 63,ss.63,63,Bharatiya Nagarik Suraksha Sanhita,,2025
2025_7_1858_1878_EN,section,Section 35,s.35,35,Bharatiya Nagarik Suraksha Sanhita,,2025
2025_7_1858_1878_EN,section,Section 94,ss.94,94,Bharatiya Nagarik Suraksha Sanhita,,2025
2025_7_1858_1878_EN,section,Section 41,s.41,41,Bharatiya Nagarik Suraksha Sanhita,,2025
2025_7_1858_1878_EN,section,Section 35,s.35,35,Bharatiya Nagarik Suraksha Sanhita,,2025
2025_7_1858_1878_EN,section,Section 35,s.35,35,Bharatiya Nagarik Suraksha Sanhita,,2025
2025_7_1858_1878_EN,section,Section 35,s.35,35,Bharatiya Nagarik Suraksha Sanhita,,2025
2025_7_1858_1878_EN,section,Section 35,s.35,35,Bharatiya Nagarik Suraksha Sanhita,,2025
2025_7_1858_1878_EN,section,Section 35,s.35,35,Bharatiya Nagarik Suraksha Sanhita,,2025
2025_7_1858_1878_EN,section,Section 35,Section 35,35,Bharatiya Nagarik Suraksha Sanhita,,2025
2025_7_1858_1878_EN,section,Section 64,Section 64,64,Bharatiya Nagarik Suraksha Sanhita,,2025
2025_7_1858_1878_EN,section,Section 35,Section 35,35,Bharatiya Nagarik Suraksha Sanhita,,2025
2025_7_1858_1878_EN,section,Section 530,Section 530,530,Bharatiya Nagarik Suraksha Sanhita,,2025
2025_7_1858_1878_EN,section,Section 35,Section 35,35,Bharatiya Nagarik Suraksha Sanhita,,2025
2025_7_1858_1878_EN,section,Section 35,Section 35,35,Bharatiya Nagarik Suraksha Sanhita,,2025
2025_7_1858_1878_EN,section,Section 2,Section 2,2,Bharatiya Nagarik Suraksha Sanhita,,2025
2025_7_1858_1878_EN,section,Section 530,Section 530,530,Bharatiya Nagarik Suraksha Sanhita,,2025
2025_7_1858_1878_EN,section,Section 530,Section 530,530,Bharatiya Nagarik Suraksha Sanhita,,2025
2025_7_1858_1878_EN,section,Section 530,Section 530,530,Bharatiya Nagarik Suraksha Sanhita,,2025
2025_7_1858_1878_EN,section,Section 35,Section 35,35,Bharatiya Nagarik Suraksha Sanhita,,2025
2025_7_1858_1878_EN,section,Section 35,Section 35,35,Bharatiya Nagarik Suraksha Sanhita,,2025
2025_7_1858_1878_EN,section,Section 35,Section 35,35,Bharatiya Nagarik Suraksha Sanhita,,2025
2025_7_1858_1878_EN,section,Section 35,Section 35,35,Bharatiya Nagarik Suraksha Sanhita,,2025
2025_7_1858_1878_EN,section,Section 35,Section 35,35,Bharatiya Nagarik Suraksha Sanhita,,2025
2025_7_1858_1878_EN,section,Section 35,Section 35,35,Bharatiya Nagarik Suraksha Sanhita,,2025
2025_7_1858_1878_EN,section,Section 35,Section 35,35,Bharatiya Nagarik Suraksha Sanhita,,2025
2025_7_1858_1878_EN,section,Section 35,Section 35,35,Bharatiya Nagarik Suraksha Sanhita,,2025
2025_7_1858_1878_EN,section,Section 35,Section 35,35,Bharatiya Nagarik Suraksha Sanhita,,2025
2025_7_1858_1878_EN,section,Section 35,Section 35,35,Bharatiya Nagarik Suraksha Sanhita,,2025
2025_7_1858_1878_EN,section,Section 530,Section 530,530,Bharatiya Nagarik Suraksha Sanhita,,2025
2025_7_1858_1878_EN,section,Section 35,Section 35,35,Bharatiya Nagarik Suraksha Sanhita,,2025
2025_7_1858_1878_EN,section,Section 63,"Sections 63, 64",63,Bharatiya Nagarik Suraksha Sanhita,,2025
2025_7_1858_1878_EN,section,Section 2,Section 2,2,Bharatiya Nagarik Suraksha Sanhita,,2025
2025_7_1858_1878_EN,section,Section 2,Section 2,2,Bharatiya Nagarik Suraksha Sanhita,,2025
2025_7_1858_1878_EN,section,Section 63,Section 63,63,Bharatiya Nagarik Suraksha Sanhita,,2025
2025_7_1858_1878_EN,section,Section 63,Section 63,63,Bharatiya Nagarik Suraksha Sanhita,,2025
2025_7_1858_1878_EN,section,Section 63,Section 63,63,Bharatiya Nagarik Suraksha Sanhita,,2025
2025_7_1858_1878_EN,section,Section 64,Section 64,64,Bharatiya Nagarik Suraksha Sanhita,,2025
2025_7_1858_1878_EN,section,Section 64,Section 64,64,Bharatiya Nagarik Suraksha Sanhita,,2025
2025_7_1858_1878_EN,section,Section 64,Section 64,64,Bharatiya Nagarik Suraksha Sanhita,,2025
2025_7_1858_1878_EN,section,Section 64,Section 64,64,Bharatiya Nagarik Suraksha Sanhita,,2025
2025_7_1858_1878_EN,section,Section 63,Sections 63,63,Bharatiya Nagarik Suraksha Sanhita,,2025
2025_7_1858_1878_EN,section,Section 64,Section 64,64,Bharatiya Nagarik Suraksha Sanhita,,2025
2025_7_1858_1878_EN,section,Section 63,Section 63,63,Bharatiya Nagarik Suraksha Sanhita,,2025
2025_7_1858_1878_EN,section,Section 63,Section 63,63,Bharatiya Nagarik Suraksha Sanhita,,2025
2025_7_1858_1878_EN,section,Section 71,Section 71,71,Bharatiya Nagarik Suraksha Sanhita,,2025
2025_7_1858_1878_EN,section,Section 70,"Section
70",70,Bharatiya Nagarik Suraksha Sanhita,,2025
2025_7_1858_1878_EN,section,Section 71,Section 71,71,Bharatiya Nagarik Suraksha Sanhita,,2025
2025_7_1858_1878_EN,section,Section 35,Section 35,35,Bharatiya Nagarik Suraksha Sanhita,,2025
2025_7_1858_1878_EN,section,Section 71,Section 71,71,Bharatiya Nagarik Suraksha Sanhita,,2025
2025_7_1858_1878_EN,section,Section 71,Section 71,71,Bharatiya Nagarik Suraksha Sanhita,,2025
2025_7_1858_1878_EN,section,Section 35,Section 35,35,Bharatiya Nagarik Suraksha Sanhita,,2025
2025_7_1858_1878_EN,section,Section 35,Section 35,35,Bharatiya Nagarik Suraksha Sanhita,,2025
2025_7_1858_1878_EN,section,Section 63,Sections 63,63,Bharatiya Nagarik Suraksha Sanhita,,2025
2025_7_1858_1878_EN,section,Section 35,Section 35,35,Bharatiya Nagarik Suraksha Sanhita,,2025
2025_7_1858_1878_EN,section,Section 94,Sections 94,94,Bharatiya Nagarik Suraksha Sanhita,,2025
2025_7_1858_1878_EN,section,Section 94,Section 94,94,Bharatiya Nagarik Suraksha Sanhita,,2025
2025_7_1858_1878_EN,section,Section 193,Section 193,193,Bharatiya Nagarik Suraksha Sanhita,,2025
2025_7_1858_1878_EN,section,Section 190,Section 190,190,Bharatiya Nyaya Sanhita,,2025
2025_7_1858_1878_EN,section,Section 64,"Sections 64, 65, 66, 67, 68, 70",64,Bharatiya Nyaya Sanhita,,2025
2025_7_1858_1878_EN,section,Section 71,Section 71,71,Bharatiya Nyaya Sanhita,,2025
2025_7_1858_1878_EN,section,Section 94,"Sections
94",94,Bharatiya Nyaya Sanhita,,2025
2025_7_1858_1878_EN,section,Section 94,Section 94,94,Bharatiya Nyaya Sanhita,,2025
2025_7_1858_1878_EN,section,Section 193,Section 193,193,Bharatiya Nyaya Sanhita,,2025
2025_7_1858_1878_EN,section,Section 35,Section 35,35,Bharatiya Nyaya Sanhita,,2025
2025_7_1858_1878_EN,section,Section 35,Section 35,35,Bharatiya Nyaya Sanhita,,2025
S_2002_1_229_268_EN,section,Section 2,Section 2,2,Bharatiya Nyaya Sanhita,,
S_2002_1_229_268_EN,section,Section 27,Section 27,27,Bharatiya Nyaya Sanhita,,
S_2002_1_229_268_EN,section,Section 37,Section 37,37,Bharatiya Nyaya Sanhita,,
S_2002_1_229_268_EN,section,Section 2,Section 2,2,Bharatiya Nyaya Sanhita,,
S_2002_1_229_268_EN,section,Section 33,Section 33,33,Bharatiya Nyaya Sanhita,,
S_2002_1_229_268_EN,section,Section 33,Section 33,33,Bharatiya Nyaya Sanhita,,
S_2003_2_822_885_EN,statute,"Panchayat and Nyaya Panchayats Act, 1983","Panchayat
and Nyaya Panchayats Act, 1983","Panchayat and Nyaya Panchayats Act, 1983","Panchayat and Nyaya Panchayats Act, 1983",,
S_2004_6_374_405_EN,statute,Bharatiya Nyaya Sanhita,"The cbnsent order passed in the writ petition is not contrary to the
provisions of the Act",Bharatiya Nyaya Sanhita,Bharatiya Nyaya Sanhita,,
1957_1_359_370_EN,statute,"The Deputy Commissioner, Sibsagar, who was the authority appointed under the Act","The Deputy
Commissioner,
Sibsagar, who was the authority appointed under the
Act","The Deputy Commissioner, Sibsagar, who was the authority appointed under the Act","The Deputy Commissioner, Sibsagar, who was the authority appointed under the Act",,1957
1959_1_379_427_EN,statute,Bharatiya Nyaya Sanhita,Cbnstitution Act,Bharatiya Nyaya Sanhita,Bharatiya Nyaya Sanhita,,1959
1960_1_39_92_EN,statute,Bharatiya Nyaya Sanhita,"On the
contrary, these affidavits make it perfectly plain that
in the foreseeable future there is no hope of export of
sugar being made at a profit. Indeed, it is said in
these affidavits that the scheme of the Act is bnsed on
the pooling of the losses caused by the exports made
under it. It is hardly neeessary to point out that if
the exports con kl be expected t.o prnduce a profit in
in the near future, the nocrcivc machinery of the Act",Bharatiya Nyaya Sanhita,Bharatiya Nyaya Sanhita,,1960
1963_2_864_881_EN,statute,"For a oorreot understanding of the true scope of the seotion, it is neceBSary to refer to the history of the Legislation relating to it. The earliest enactment dealing with this subjeot is the Arms and Ammunition and Military Stores Act","For a oorreot understanding of the true scope of
the seotion, it is neceBSary to refer to the history
of the Legislation relating to it.
The earliest enactment dealing with this
subjeot is the Arms and Ammunition and Military
Stores Act","For a oorreot understanding of the true scope of the seotion, it is neceBSary to refer to the history of the Legislation relating to it. The earliest enactment dealing with this subjeot is the Arms and Ammunition and Military Stores Act","For a oorreot understanding of the true scope of the seotion, it is neceBSary to refer to the history of the Legislation relating to it. The earliest enactment dealing with this subjeot is the Arms and Ammunition and Military Stores Act",,1963
1968_1_104_110_EN,section,Section 97(1),"ss. 97(1), 117, 118",97(1),Bharatiya Nyaya Sanhita,,1968
1968_1_104_110_EN,section,Section 97,s. 97,97,Bharatiya Nyaya Sanhita,,1968
1968_1_104_110_EN,section,Section 97,s. 97,97,Bharatiya Nyaya Sanhita,,1968
1968_1_104_110_EN,section,Section 97,s. 97,97,Bharatiya Nyaya Sanhita,,1968
1968_1_104_110_EN,section,Section 117,s. 117,117,Bharatiya Nyaya Sanhita,,1968
1968_1_104_110_EN,section,Section 97,s. 97,97,Bharatiya Nyaya Sanhita,,1968
1968_1_104_110_EN,section,Section 97,s. 97,97,Bharatiya Nyaya Sanhita,,1968
1968_1_104_110_EN,section,Section 97,s. 97,97,Bharatiya Nyaya Sanhita,,1968
1968_1_104_110_EN,section,Section 117,ss. 117,117,Bharatiya Nyaya Sanhita,,1968
1968_1_104_110_EN,section,Section 97,s. 97,97,Bharatiya Nyaya Sanhita,,1968
1968_1_104_110_EN,section,Section 97,s. 97,97,Bharatiya Nyaya Sanhita,,1968
1968_1_813_820_EN,coram,"Hon'ble Justice Dutta went away to Sibsagar after
the vacation sitting on October","Justice Dutta went away to Sibsagar after
the vacation sitting on October","Dutta went away to Sibsagar after
the vacation sitting on October",,,1968
1968_1_813_820_EN,coram,"Hon'ble Justice Dutta was holding the Commission of Enquiry and presented the writ petition there. This petition was entertained by F
Mr. Justice Dutta and he passed interim orders thereon. A copy
of the interim order was prepared at Sibsagar ancl given to the
appellant to be taken to Gauhati where it was to be sealed. The
appellant took the order to Gauhati and after getting it sealed
served it on the university. He was thereupon allowed ttJ sit at
the examlnatidp subject to","Justice Dutta was holding the Commission of Enquiry and presented the writ petition there. This petition was entertained by F
Mr. Justice Dutta and he passed interim orders thereon. A copy
of the interim order was prepared at Sibsagar ancl given to the
appellant to be taken to Gauhati where it was to be sealed. The
appellant took the order to Gauhati and after getting it sealed
served it on the university. He was thereupon allowed ttJ sit at
the examlnatidp subject to","Dutta was holding the Commission of Enquiry and presented the writ petition there. This petition was entertained by F
Mr. Justice Dutta and he passed interim orders thereon. A copy
of the interim order was prepared at Sibsagar ancl given to the
appellant to be taken to Gauhati where it was to be sealed. The
appellant took the order to Gauhati and after getting it sealed
served it on the university. He was thereupon allowed ttJ sit at
the examlnatidp subject to",,,1968
1968_1_813_820_EN,coram,"Hon'ble Justice Dutta could not pass any order as a Judge
B of the High Court at Sibsagar","Justice Dutta could not pass any order as a Judge
B of the High Court at Sibsagar","Dutta could not pass any order as a Judge
B of the High Court at Sibsagar",,,1968
1973_1_773_800_EN,statute,Bharatiya Nyaya Sanhita,"Act relating to appointments to the civil service of, and civil
posts under, the Crown in India by the Secretary of
State, or the provisibns of that Act",Bharatiya Nyaya Sanhita,Bharatiya Nyaya Sanhita,,1973
1974_1_274_280_EN,section,Section 76,section 76,76,Bharatiya Nyaya Sanhita,,1974
1974_1_274_280_EN,section,Section 258,section 258,258,Bharatiya Nyaya Sanhita,,1974
1974_1_274_280_EN,section,Section 68,section 68,68,Bharatiya Nyaya Sanhita,,1974
1974_1_274_280_EN,section,Section 68,section 68,68,Bharatiya Nyaya Sanhita,,1974
1974_1_274_280_EN,section,Section 68,section 68,68,Bharatiya Nyaya Sanhita,,1974
1974_1_274_280_EN,section,Section 76,section 76,76,Bharatiya Nyaya Sanhita,,1974
2009_6_353_361_EN,statute,"Panchayats and Nyaya Panchayats Act, 1983","Panchayats and
Nyaya Panchayats Act, 1983","Panchayats and Nyaya Panchayats Act, 1983","Panchayats and Nyaya Panchayats Act, 1983",,2009
2011_15_540_614_EN,section,Section 482,Section 482,482,Bharatiya Sakshya Adhiniyam,,2011
1976_1_333_340_EN,statute,Bharatiya Nyaya Sanhita,"Part
VI. The scheme tbns separates issue of licences and levy of licence
fees from taxes on property and other items.
Prima facie,
in the
absence of other compelling factors, to lug in a taxing provision into
Part VI may, therefore, lead to obscruity and confusion.
The Calcutta Municipal Act, 1951",Bharatiya Nyaya Sanhita,Bharatiya Nyaya Sanhita,"29th September, 1972",1972
1977_3_172_181_EN,statute,Bharatiya Nyaya Sanhita,"Court.
Even then the present grievance
of non-hearing was not pressed.
He has missed the bns and his
contention based on the new Code",Bharatiya Nyaya Sanhita,Bharatiya Nyaya Sanhita,,1977
1977_3_182_194_EN,statute,Bharatiya Nyaya Sanhita,"Court will always lie to question the order of a tribunal created
by a statute, even if its order is, expressly or by necessary implication,
made final, if the said tribunal abnses its power or does not act under
c
the Act",Bharatiya Nyaya Sanhita,Bharatiya Nyaya Sanhita,,1977
1978_2_537_572_EN,section,Section 20,Section 20,20,Bharatiya Nyaya Sanhita,,1978
1978_2_537_572_EN,section,Section 20,Section 20,20,Bharatiya Nyaya Sanhita,,1978
1984_3_190_215_EN,statute,Bharatiya Nyaya Sanhita,"Cases is that the applicatibns for grant of privilege or licence must be considered
fairly.
There are no inflexible rules of natural justice of universal application.
Each case depends on its own Circumstances. Rules",Bharatiya Nyaya Sanhita,Bharatiya Nyaya Sanhita,,1984
1988_2_511_529_EN,statute,Bharatiya Nyaya Sanhita,"Act.
k
Therefore, they claim no unrestricted right to exhibit cinematograph
films. They have been carrying on the bnsiness exhibiting films under a
licence in form F which contained the terms and conditions prescribed
by the Act and the Rules",Bharatiya Nyaya Sanhita,Bharatiya Nyaya Sanhita,,1988
1990_2_517_525_EN,section,Section 3,Section 3,3,Bharatiya Nyaya Sanhita,,1990
1990_3_336_351_EN,statute,Nyaya Panchayats Act,Nyaya Panchayats Act,Nyaya Panchayats Act,Nyaya Panchayats Act,,1990
1990_3_336_351_EN,statute,"Panchayats and Nyaya Panchayats Act, 1983","Panchayats and Nyaya Panchayats Act, 1983","Panchayats and Nyaya Panchayats Act, 1983","Panchayats and Nyaya Panchayats Act, 1983",,1990
1992_1_286_294_EN,statute,"Panchayats and Nyaya Panchayats Act, 1983","Panchayats and Nyaya Panchayats Act, 1983","Panchayats and Nyaya Panchayats Act, 1983","Panchayats and Nyaya Panchayats Act, 1983",,1992
1992_1_286_294_EN,statute,Panchayats and Nyaya Panchayats Act,Panchayats and Nyaya Panchayats Act,Panchayats and Nyaya Panchayats Act,Panchayats and Nyaya Panchayats Act,,1992
1992_1_286_294_EN,statute,"Panchayats and Nyaya Panchayats Act, 1983","Panchayats and Nyaya
Panchayats Act, 1983","Panchayats and Nyaya Panchayats Act, 1983","Panchayats and Nyaya Panchayats Act, 1983",,1992
1992_1_286_294_EN,statute,"Karnataka Zila Parishads, Taluk Panchayat Samithis, Mandal Panchayats and Nyaya Panchayats Act, 1983","Karnataka Zila Parishads, Taluk Panchayat Samithis, Mandal
Panchayats and Nyaya Panchayats Act, 1983","Karnataka Zila Parishads, Taluk Panchayat Samithis, Mandal Panchayats and Nyaya Panchayats Act, 1983","Karnataka Zila Parishads, Taluk Panchayat Samithis, Mandal Panchayats and Nyaya Panchayats Act, 1983",,1992
1992_1_286_294_EN,statute,"Pancbayats and Nyaya Panchayats Act, 1983","Pancbayats and Nyaya Panchayats Act, 1983","Pancbayats and Nyaya Panchayats Act, 1983","Pancbayats and Nyaya Panchayats Act, 1983",,1992
1992_2_397_407_EN,statute,BSA of the Act,BSA of the Act,BSA of the Act,BSA of the Act,,1992
1992_3_23_69_EN,statute,"Wakefield. He telephoned to the Police Station and thereafter he was proceeding to Embsay on his Motor Cycle. His means of transport was approved by superior officer. He was entitled to milage allowance. When he was going to Embsay, he met with an accident. He too laid his claim under Social Security Act","Wakefield. He telephoned to the Police Station and
thereafter he was proceeding to Embsay on his Motor Cycle. His means of
transport was approved by superior officer. He was entitled to milage
allowance. When he was going to Embsay, he met with an accident. He too
laid his claim under Social Security Act","Wakefield. He telephoned to the Police Station and thereafter he was proceeding to Embsay on his Motor Cycle. His means of transport was approved by superior officer. He was entitled to milage allowance. When he was going to Embsay, he met with an accident. He too laid his claim under Social Security Act","Wakefield. He telephoned to the Police Station and thereafter he was proceeding to Embsay on his Motor Cycle. His means of transport was approved by superior officer. He was entitled to milage allowance. When he was going to Embsay, he met with an accident. He too laid his claim under Social Security Act",,1992
1994_2_208_238_EN,statute,Bharatiya Nyaya Sanhita,"Chapter I deal with definitions
and connected matters. The provisions in Chapter II deal with the powers
of the Central Government to take measures for preventing and combating
abnse of and illicit traffic in narcotic drugs and to appoint authorities and
C officers to exercise the powers under the Act",Bharatiya Nyaya Sanhita,Bharatiya Nyaya Sanhita,,1994
1995_2_1015_1060_EN,statute,Nyaya Panchayats-Organisation of-Act,"Nyaya Panchayats-Organisation
of-Act",Nyaya Panchayats-Organisation of-Act,Nyaya Panchayats-Organisation of-Act,,1995
2025_5_1221_1247_EN,section,Section 409,"Sections 409, 420, 120",409,Bharatiya Nyaya Sanhita,,2025
2025_5_1221_1247_EN,section,Section 34,Sections 34,34,Bharatiya Nyaya Sanhita,,2025
2025_5_1221_1247_EN,section,Section 316(5),"Sections 316(5), 318(4), 61(2),
3",316(5),Bharatiya Nyaya Sanhita,,2025
2025_5_1221_1247_EN,section,Section 7,"Sections 7, 7A,
8",7,Bharatiya Nyaya Sanhita,,2025
2025_5_730_734_EN,section,Section 223,s.223,223,Bharatiya Nagarik Suraksha Sanhita,,2025
2025_5_730_734_EN,section,Section 223,s.223,223,Bharatiya Nagarik Suraksha Sanhita,,2025
2025_5_730_734_EN,section,Section 44,s.44,44,Bharatiya Nagarik Suraksha Sanhita,,2025
2025_5_730_734_EN,section,Section 223,s. 223,223,Bharatiya Nagarik Suraksha Sanhita,,2025
2025_5_730_734_EN,section,Section 223,s.223,223,Bharatiya Nagarik Suraksha Sanhita,,2025
2025_5_730_734_EN,section,Section 223,s.223,223,Bharatiya Nagarik Suraksha Sanhita,,2025
2025_5_730_734_EN,section,Section 223,s.223,223,Bharatiya Nagarik Suraksha Sanhita,,2025
2025_5_730_734_EN,section,Section 223,s.223,223,Bharatiya Nagarik Suraksha Sanhita,,2025
2025_5_730_734_EN,section,Section 223,Sections 223,223,Bharatiya Nagarik Suraksha Sanhita,,2025
2025_5_730_734_EN,section,Section 44,Section 44,44,Bharatiya Nagarik Suraksha Sanhita,,2025
2025_5_730_734_EN,section,Section 223,Section 223,223,Bharatiya Nagarik Suraksha Sanhita,,2025
2025_5_730_734_EN,section,Section 223,Section 223,223,Bharatiya Nagarik Suraksha Sanhita,,2025
2025_5_730_734_EN,section,Section 223,Section 223,223,Bharatiya Nagarik Suraksha Sanhita,,2025
2025_5_730_734_EN,section,Section 223,"Section
223",223,Bharatiya Nagarik Suraksha Sanhita,,2025
2025_5_730_734_EN,section,Section 223,Section 223,223,Bharatiya Nagarik Suraksha Sanhita,,2025
2025_5_730_734_EN,section,Section 223,Section 223,223,Bharatiya Nagarik Suraksha Sanhita,,2025
2025_6_280_290_EN,section,Section 191(1),"Sections 191(1), 191(2), 190, 109(1),
132, 121(1), 296, 221",191(1),Bharatiya Nyaya Sanhita,"14th July, 2024",2024
2025_6_280_290_EN,section,Section 105,"Section
105",105,Bharatiya Nyaya Sanhita,"14th July, 2024",2024
2025_6_280_290_EN,section,Section 115,Section 115,115,Bharatiya Nyaya Sanhita,"14th July, 2024",2024
2025_6_280_290_EN,section,Section 3,Section 3,3,Bharatiya Nyaya Sanhita,"14th July, 2024",2024
2025_6_280_290_EN,section,Section 120,Section 120,120,Bharatiya Nyaya Sanhita,"14th July, 2024",2024
2025_6_280_290_EN,section,Section 3,Section 3,3,Bharatiya Nyaya Sanhita,"14th July, 2024",2024
2025_6_545_568_EN,statute,Bharatiya Nyaya Sanhita,"BNSS to quash proceedings under the
D.V Act,2005",Bharatiya Nyaya Sanhita,Bharatiya Nyaya Sanhita,,2025
2025_7_105_138_EN,section,Section 47,Sections 47,47,Bharatiya Nagarik Suraksha Sanhita,,2025
2025_7_105_138_EN,section,Section 47,Section 47,47,Bharatiya Nagarik Suraksha Sanhita,,2025
2025_7_105_138_EN,section,Section 47,Section 47,47,Bharatiya Nagarik Suraksha Sanhita,,2025
2025_7_105_138_EN,section,Section 179,Section 179,179,Bharatiya Nagarik Suraksha Sanhita,,2025
2025_7_105_138_EN,section,Section 179,Section 179,179,Bharatiya Nagarik Suraksha Sanhita,,2025
2025_7_105_138_EN,section,Section 47,Section 47,47,Bharatiya Nagarik Suraksha Sanhita,,2025
2025_7_105_138_EN,section,Section 17A,Section 17A,17A,Bharatiya Nagarik Suraksha Sanhita,,2025
2025_7_105_138_EN,section,Section 17A,Section 17A,17A,Bharatiya Nagarik Suraksha Sanhita,,2025
2025_7_105_138_EN,section,Section 47,Section 47,47,Bharatiya Nagarik Suraksha Sanhita,,2025
2025_7_105_138_EN,statute,Bharatiya Nyaya Sanhita,"BNSS is manifestly
untenable. In invoking offences against the Prevention
of Corruption Act",Bharatiya Nyaya Sanhita,Bharatiya Nyaya Sanhita,,2025
2025_7_105_138_EN,section,Section 17A,Section 17A,17A,Bharatiya Nagarik Suraksha Sanhita,,2025
2025_7_105_138_EN,section,Section 17A,Section 17A,17A,Bharatiya Nagarik Suraksha Sanhita,,2025
2025_7_105_138_EN,section,Section 7,"sections 7, 7A, 8, 13",7,Bharatiya Nagarik Suraksha Sanhita,,2025
2025_7_105_138_EN,section,Section 17,Section 17,17,Bharatiya Nagarik Suraksha Sanhita,,2025
2025_7_105_138_EN,section,Section 17A,Section 17A,17A,Bharatiya Nagarik Suraksha Sanhita,,2025
2025_7_105_138_EN,section,Section 17A,Section 17A,17A,Bharatiya Nagarik Suraksha Sanhita,,2025
2025_7_105_138_EN,section,Section 47,Section 47,47,Bharatiya Nagarik Suraksha Sanhita,,2025
2025_7_105_138_EN,section,Section 48,Section 48,48,Bharatiya Nagarik Suraksha Sanhita,,2025
2025_7_105_138_EN,section,Section 50,Section 50,50,Bharatiya Nagarik Suraksha Sanhita,,2025
2025_7_105_138_EN,section,Section 47,Section 47,47,Bharatiya Nagarik Suraksha Sanhita,,2025
2025_7_105_138_EN,section,Section 50,Section 50,50,Bharatiya Nagarik Suraksha Sanhita,,2025
2025_7_105_138_EN,section,Section 47,Section 47,47,Bharatiya Nagarik Suraksha Sanhita,,2025
2025_7_1543_1578_EN,section,Section 17413,Section 17413,17413,Bharatiya Nagarik Suraksha Sanhita,,2025
2025_7_1543_1578_EN,section,Section 194,Section 194,194,Bharatiya Nagarik Suraksha Sanhita,,2025
2025_7_1980_1997_EN,section,Section 483,Section 483,483,Bharatiya Nagarik Suraksha Sanhita,,2025
2025_7_2096_2107_EN,section,Section 482,s.482,482,Bharatiya Nagarik Suraksha Sanhita,,2025
2025_7_2161_2168_EN,section,Section 60(b),"ss.60(b), 316",60(b),Bharatiya Nyaya Sanhita,,2025
2025_7_2161_2168_EN,section,Section 60(b),"ss.60(b), 316",60(b),Bharatiya Nyaya Sanhita,,2025
2025_7_2161_2168_EN,section,Section 482,s.482,482,Bharatiya Nyaya Sanhita,,2025
2025_7_2161_2168_EN,section,Section 60(b),"Sections 60(b), 316",60(b),Bharatiya Nyaya Sanhita,,2025
2025_7_2161_2168_EN,section,Section 60,Section 60,60,Bharatiya Nyaya Sanhita,,2025
2025_7_2161_2168_EN,section,Section 316,Section 316,316,Bharatiya Nyaya Sanhita,,2025
2025_7_2161_2168_EN,section,Section 318,Section 318,318,Bharatiya Nyaya Sanhita,,2025
2025_7_859_934_EN,section,Section 473,Section 473,473,Bharatiya Nagarik Suraksha Sanhita,,2025
2025_8_785_798_EN,section,Section 308,"ss.308, 325, 323, 341, 506, 188, 269, 34",308,Bharatiya Nagarik Suraksha Sanhita,,2025
2025_8_785_798_EN,section,Section 25,"ss.25,
54, 59",25,Bharatiya Nagarik Suraksha Sanhita,,2025
2025_8_966_986_EN,section,Section 306,s.306,306,Bharatiya Nyaya Sanhita,,2025
2025_8_966_986_EN,section,Section 107,s.107,107,Bharatiya Nyaya Sanhita,,2025
2025_8_966_986_EN,section,Section 108,s.108,108,Bharatiya Nyaya Sanhita,,2025
2025_8_966_986_EN,section,Section 45,s.45,45,Bharatiya Nyaya Sanhita,,2025
2025_8_966_986_EN,section,Section 306,s.306,306,Bharatiya Nyaya Sanhita,,2025
2025_8_966_986_EN,section,Section 107,s.107,107,Bharatiya Nyaya Sanhita,,2025
2025_8_966_986_EN,section,Section 306,Section 306,306,Bharatiya Nyaya Sanhita,,2025
2025_8_966_986_EN,section,Section 107,Section 107,107,Bharatiya Nyaya Sanhita,,2025
2025_8_966_986_EN,section,Section 108,Section 108,108,Bharatiya Nyaya Sanhita,,2025
2025_8_966_986_EN,section,Section 45,Section 45,45,Bharatiya Nyaya Sanhita,,2025
2025_9_1490_1514_EN,section,Section 409,Section 409,409,Bharatiya Nyaya Sanhita,,2025
2025_9_1490_1514_EN,section,Section 309,Section 309,309,Bharatiya Nagarik Suraksha Sanhita,,2025
2025_9_1490_1514_EN,section,Section 346,Section 346,346,Bharatiya Nagarik Suraksha Sanhita,,2025
2025_9_1490_1514_EN,section,Section 173,Section 173,173,Bharatiya Nagarik Suraksha Sanhita,,2025
2025_9_1490_1514_EN,section,Section 173,Section 173,173,Bharatiya Nagarik Suraksha Sanhita,,2025
2025_9_1490_1514_EN,section,Section 173,Section 173,173,Bharatiya Nagarik Suraksha Sanhita,,2025
2025_9_1490_1514_EN,section,Section 173,Section 173,173,Bharatiya Nagarik Suraksha Sanhita,,2025
2025_9_1490_1514_EN,section,Section 207,Section 207,207,Bharatiya Nagarik Suraksha Sanhita,,2025
2025_9_1490_1514_EN,section,Section 230,Section 230,230,Bharatiya Nagarik Suraksha Sanhita,,2025
2025_9_1490_1514_EN,section,Section 154,section 154,154,Bharatiya Nagarik Suraksha Sanhita,,2025
2025_9_1490_1514_EN,section,Section 161,section 161,161,Bharatiya Nagarik Suraksha Sanhita,,2025
2025_9_1490_1514_EN,section,Section 164,section 164,164,Bharatiya Nagarik Suraksha Sanhita,,2025
2025_9_1490_1514_EN,section,Section 173,section 173,173,Bharatiya Nagarik Suraksha Sanhita,,2025
2025_9_1490_1514_EN,section,Section 260,"Section
260",260,Bharatiya Nagarik Suraksha Sanhita,,2025
2025_9_1490_1514_EN,section,Section 283,Sections 283,283,Bharatiya Nagarik Suraksha Sanhita,,2025
2025_9_1490_1514_EN,section,Section 265,Section 265,265,Bharatiya Nagarik Suraksha Sanhita,,2025
2025_9_1490_1514_EN,section,Section 289,Sections 289,289,Bharatiya Nagarik Suraksha Sanhita,,2025
2025_9_1490_1514_EN,section,Section 309,Section 309,309,Bharatiya Nagarik Suraksha Sanhita,,2025
2025_9_1490_1514_EN,section,Section 346,Section 346,346,Bharatiya Nagarik Suraksha Sanhita,,2025
2025_9_1515_1538_EN,section,Section 118,ss.118,118,Bharatiya Nagarik Suraksha Sanhita,,2025
2025_9_1515_1538_EN,section,Section 118,Sections 118,118,Bharatiya Nagarik Suraksha Sanhita,,2025
2025_9_1515_1538_EN,section,Section 138,s.138,138,Bharatiya Nagarik Suraksha Sanhita,,2025
2025_9_1515_1538_EN,section,Section 138,s.138,138,Bharatiya Nagarik Suraksha Sanhita,,2025
2025_9_1515_1538_EN,section,Section 64,s.64,64,Bharatiya Nagarik Suraksha Sanhita,,2025
2025_9_1515_1538_EN,section,Section 530,Section 530,530,Bharatiya Nagarik Suraksha Sanhita,,2025
2025_9_1515_1538_EN,section,Section 138,s.138,138,Bharatiya Nagarik Suraksha Sanhita,,2025
2025_9_1515_1538_EN,section,Section 147,s.147,147,Bharatiya Nagarik Suraksha Sanhita,,2025
2025_9_1515_1538_EN,section,Section 255,s.255,255,Bharatiya Nagarik Suraksha Sanhita,,2025
2025_9_1515_1538_EN,section,Section 138,s.138,138,Bharatiya Nagarik Suraksha Sanhita,,2025
2025_9_1515_1538_EN,section,Section 223,s.223,223,Bharatiya Nagarik Suraksha Sanhita,,2025
2025_9_1515_1538_EN,section,Section 143,s.143,143,Bharatiya Nagarik Suraksha Sanhita,,2025
2025_9_1515_1538_EN,section,Section 138,s.138,138,Bharatiya Nagarik Suraksha Sanhita,,2025
2025_9_1515_1538_EN,section,Section 251,s.251,251,Bharatiya Nagarik Suraksha Sanhita,,2025
2025_9_1515_1538_EN,section,Section 274,s.274,274,Bharatiya Nagarik Suraksha Sanhita,,2025
2025_9_1515_1538_EN,section,Section 143A,s.143A,143A,Bharatiya Nagarik Suraksha Sanhita,,2025
2025_9_1515_1538_EN,section,Section 138,s.138,138,Bharatiya Nagarik Suraksha Sanhita,,2025
2025_9_1515_1538_EN,section,Section 138,s.138,138,Bharatiya Nagarik Suraksha Sanhita,,2025
2025_9_1515_1538_EN,section,Section 138,s.138,138,Bharatiya Nagarik Suraksha Sanhita,,2025
2025_9_1515_1538_EN,section,Section 142,Section 142,142,Bharatiya Nagarik Suraksha Sanhita,,2025
2025_9_1515_1538_EN,section,Section 1,Sections 1,1,Bharatiya Nagarik Suraksha Sanhita,,2025
2025_9_1515_1538_EN,section,Section 64,Section 64,64,Bharatiya Nagarik Suraksha Sanhita,,2025
2025_9_1515_1538_EN,section,Section 530,Section 530,530,Bharatiya Nagarik Suraksha Sanhita,,2025
2025_9_1515_1538_EN,section,Section 138,Section 138,138,Bharatiya Nagarik Suraksha Sanhita,,2025
2025_9_1515_1538_EN,section,Section 147,Section 147,147,Bharatiya Nagarik Suraksha Sanhita,,2025
2025_9_1515_1538_EN,section,Section 255,"Section
255",255,Bharatiya Nagarik Suraksha Sanhita,,2025
2025_9_1515_1538_EN,section,Section 138,Section 138,138,Bharatiya Nagarik Suraksha Sanhita,,2025
2025_9_1515_1538_EN,section,Section 142,Section 142,142,Bharatiya Nagarik Suraksha Sanhita,,2025
2025_9_1515_1538_EN,section,Section 138,section 138,138,Bharatiya Nagarik Suraksha Sanhita,,2025
2025_9_1515_1538_EN,section,Section 138,Section 138,138,Bharatiya Nagarik Suraksha Sanhita,,2025
2025_9_1515_1538_EN,section,Section 143A,Section 143A,143A,Bharatiya Nagarik Suraksha Sanhita,,2025
2025_9_1515_1538_EN,section,Section 223,Section 223,223,Bharatiya Nagarik Suraksha Sanhita,,2025
2025_9_1515_1538_EN,section,Section 138,Section 138,138,Bharatiya Nagarik Suraksha Sanhita,,2025
2025_9_1515_1538_EN,section,Section 223,Section 223,223,Bharatiya Nagarik Suraksha Sanhita,,2025
2025_9_1515_1538_EN,section,Section 143,Section 143,143,Bharatiya Nagarik Suraksha Sanhita,,2025
2025_9_1515_1538_EN,section,Section 138,Section 138,138,Bharatiya Nagarik Suraksha Sanhita,,2025
2025_9_1515_1538_EN,section,Section 138,Section 138,138,Bharatiya Nagarik Suraksha Sanhita,,2025
2025_9_1515_1538_EN,section,Section 251,Section 251,251,Bharatiya Nagarik Suraksha Sanhita,,2025
2025_9_1515_1538_EN,section,Section 274,Section 274,274,Bharatiya Nagarik Suraksha Sanhita,,2025
2025_9_1515_1538_EN,section,Section 143A,Section 143A,143A,Bharatiya Nagarik Suraksha Sanhita,,2025
2025_9_1515_1538_EN,section,Section 138,Section 138,138,Bharatiya Nagarik Suraksha Sanhita,,2025
2025_9_1515_1538_EN,section,Section 255,Section 255,255,Bharatiya Nagarik Suraksha Sanhita,,2025
2026_1_119_129_EN,section,Section 223,Section 223,223,Bharatiya Nagarik Suraksha Sanhita,,2026
2026_1_484_503_EN,section,Section 65(1),"Sections 65(1), 74, 137",65(1),Bharatiya Nyaya Sanhita,,2026
2026_1_484_503_EN,section,Section 5(l),"Sections 5(l), 6, 9",5(l),Bharatiya Nyaya Sanhita,,2026
2026_1_484_503_EN,section,Section 75(2),"Sections 75(2), 79",75(2),Bharatiya Nyaya Sanhita,,2026
2026_1_484_503_EN,section,Section 9,Sections 9,9,Bharatiya Nyaya Sanhita,,2026
2026_1_484_503_EN,section,Section 180,Section 180,180,Bharatiya Nyaya Sanhita,,2026
2026_1_484_503_EN,section,Section 161,Section 161,161,Bharatiya Nyaya Sanhita,,2026
2026_1_484_503_EN,section,Section 183,Section 183,183,Bharatiya Nyaya Sanhita,,2026
2026_1_484_503_EN,section,Section 164,Section 164,164,Bharatiya Nyaya Sanhita,,2026
2026_1_484_503_EN,section,Section 65(1),"Sections 65(1), 74, 137",65(1),Bharatiya Nyaya Sanhita,,2026
2026_1_484_503_EN,section,Section 183,Section 183,183,Bharatiya Nagarik Suraksha Sanhita,,2026
2026_1_484_503_EN,section,Section 183,Section 183,183,Bharatiya Nagarik Suraksha Sanhita,,2026
2026_1_484_503_EN,section,Section 65(1),"Sections 65(1), 74, 137",65(1),Bharatiya Nyaya Sanhita,,2026
2026_1_484_503_EN,section,Section 5(l),"Sections 5(l), 6, 9",5(l),Bharatiya Nyaya Sanhita,,2026
2026_1_484_503_EN,section,Section 183,Section 183,183,Bharatiya Nyaya Sanhita,,2026
2026_1_484_503_EN,section,Section 180,"Section
180",180,Bharatiya Nagarik Suraksha Sanhita,,2026
2026_1_484_503_EN,section,Section 183,Section 183,183,Bharatiya Nagarik Suraksha Sanhita,,2026
2026_1_484_503_EN,section,Section 180,Section 180,180,Bharatiya Nagarik Suraksha Sanhita,,2026
2026_1_484_503_EN,section,Section 65(1),"Sections 65(1),
74, 137",65(1),Bharatiya Nyaya Sanhita,,2026
2026_1_484_503_EN,section,Section 5(l),"Sections 5(l), 6, 9",5(l),Bharatiya Nyaya Sanhita,,2026
2026_1_484_503_EN,section,Section 74,"Sections
74",74,Bharatiya Nyaya Sanhita,,2026
2026_1_484_503_EN,section,Section 9,Sections 9,9,Bharatiya Nyaya Sanhita,,2026
2026_1_484_503_EN,section,Section 183,Section 183,183,Bharatiya Nyaya Sanhita,,2026
2026_1_484_503_EN,section,Section 183,Section 183,183,Bharatiya Nagarik Suraksha Sanhita,,2026
2026_3_243_265_EN,section,Section 395,Section 395,395,Bharatiya Nagarik Suraksha Sanhita,,2026
2026_3_243_265_EN,section,Section 357,Section 357,357,Bharatiya Nagarik Suraksha Sanhita,,2026
2026_3_87_102_EN,section,Section 80,s.80,80,Bharatiya Nyaya Sanhita,,2026
2026_3_87_102_EN,section,Section 3,ss.3,3,Bharatiya Nyaya Sanhita,,2026
2026_3_87_102_EN,section,Section 437,ss.437,437,Bharatiya Nagarik Suraksha Sanhita,,2026
2026_3_87_102_EN,section,Section 437,ss.437,437,Bharatiya Nagarik Suraksha Sanhita,,2026
2026_3_87_102_EN,section,Section 437,s.437,437,Bharatiya Nagarik Suraksha Sanhita,,2026
2026_3_87_102_EN,section,Section 439,s.439,439,Bharatiya Nagarik Suraksha Sanhita,,2026
2026_3_87_102_EN,section,Section 80,Section 80,80,Bharatiya Nyaya Sanhita,,2026
2026_3_87_102_EN,section,Section 3,Sections 3,3,Bharatiya Nyaya Sanhita,,2026
2026_3_87_102_EN,section,Section 85,Section 85,85,Bharatiya Nyaya Sanhita,,2026
2026_4_184_190_EN,section,Section 115(2),"ss.115(2), 352,
351(3), 109(1), 110, 311",115(2),Bharatiya Nyaya Sanhita,,2026
2026_5_175_209_EN,section,Section 528,section 528,528,Bharatiya Nagarik Suraksha Sanhita,,2026
2026_5_175_209_EN,section,Section 528,Section 528,528,Bharatiya Nagarik Suraksha Sanhita,,2026
2026_5_273_289_EN,section,Section 318,"Section 318,
336, 319",318,Bharatiya Nyaya Sanhita,,2026
2026_5_273_289_EN,section,Section 318(2),"Sections
318(2), 318(4), 319, 335, 336(2), 336(3), 337, 338, 340",318(2),Bharatiya Nyaya Sanhita,,2026
2026_6_446_457_EN,section,Section 483,Section 483,483,Bharatiya Nagarik Suraksha Sanhita,,2026
2026_6_446_457_EN,section,Section 483,Section 483,483,Bharatiya Nagarik Suraksha Sanhita,,2026
2026_6_446_457_EN,section,Section 480,section 480,480,Bharatiya Nagarik Suraksha Sanhita,,2026
2026_6_446_457_EN,section,Section 65,section 65,65,Bharatiya Nyaya Sanhita,,2026
2026_6_446_457_EN,section,Section 70,section 70,70,Bharatiya Nyaya Sanhita,,2026
2026_6_446_457_EN,section,Section 65,section 65,65,Bharatiya Nyaya Sanhita,,2026
2026_6_446_457_EN,section,Section 70,section 70,70,Bharatiya Nyaya Sanhita,,2026
2026_6_486_508_EN,section,Section 223,Section 223,223,Bharatiya Nagarik Suraksha Sanhita,,2026
2026_6_486_508_EN,section,Section 2,Section 2,2,Bharatiya Nagarik Suraksha Sanhita,,2026
2026_6_486_508_EN,section,Section 531,Section 531,531,Bharatiya Nagarik Suraksha Sanhita,,2026
2026_6_486_508_EN,section,Section 531,Section 531,531,Bharatiya Nagarik Suraksha Sanhita,,2026
2026_6_486_508_EN,section,Section 2,Section 2,2,Bharatiya Nyaya Sanhita,,2026
2026_6_486_508_EN,section,Section 2,Section 2,2,Bharatiya Nyaya Sanhita,,2026
2026_6_486_508_EN,section,Section 4,Section 4,4,Bharatiya Nyaya Sanhita,,2026
2026_6_486_508_EN,section,Section 5,Section 5,5,Bharatiya Nyaya Sanhita,,2026
2026_6_486_508_EN,section,Section 4,Section 4,4,Bharatiya Nyaya Sanhita,,2026
2026_6_486_508_EN,section,Section 5,Section 5,5,Bharatiya Nyaya Sanhita,,2026
2026_6_486_508_EN,section,Section 210,Section 210,210,Bharatiya Nyaya Sanhita,,2026
2026_6_486_508_EN,section,Section 213,Section 213,213,Bharatiya Nyaya Sanhita,,2026
2026_6_486_508_EN,section,Section 210,Section 210,210,Bharatiya Nagarik Suraksha Sanhita,,2026
2026_6_486_508_EN,section,Section 210,Section 210,210,Bharatiya Nagarik Suraksha Sanhita,,2026
2026_6_486_508_EN,section,Section 213,Section 213,213,Bharatiya Nagarik Suraksha Sanhita,,2026
2026_6_486_508_EN,section,Section 223,Section 223,223,Bharatiya Nagarik Suraksha Sanhita,,2026
2026_6_486_508_EN,section,Section 212,Section 212,212,Bharatiya Nagarik Suraksha Sanhita,,2026
2026_6_486_508_EN,section,Section 212,Section 212,212,Bharatiya Nagarik Suraksha Sanhita,,2026
2026_6_486_508_EN,section,Section 223,Section 223,223,Bharatiya Nagarik Suraksha Sanhita,,2026
2026_6_486_508_EN,section,Section 223,Section 223,223,Bharatiya Nagarik Suraksha Sanhita,,2026
2026_6_486_508_EN,section,Section 531,Section 531,531,Bharatiya Nagarik Suraksha Sanhita,,2026
2026_6_486_508_EN,section,Section 506,Section 506,506,Bharatiya Nagarik Suraksha Sanhita,,2026
2026_6_486_508_EN,section,Section 223,Section 223,223,Bharatiya Nagarik Suraksha Sanhita,,2026
2026_7_297_302_EN,statute,Bharatiya Nagarik Suraksha Sanhita,"Bharatiya Nagarik Suraksha Sanhita read with the provisions
contained in the PC Act",Bharatiya Nagarik Suraksha Sanhita,Bharatiya Nagarik Suraksha Sanhita,,2026
2026_7_297_302_EN,statute,Bharatiya Nagarik Suraksha Sanhita,"Bharatiya Nagarik Suraksha Sanhita read
with the provisions contained in the PC Act",Bharatiya Nagarik Suraksha Sanhita,Bharatiya Nagarik Suraksha Sanhita,,2026
2026_7_538_553_EN,section,Section 187,Section 187,187,Bharatiya Nyaya Sanhita,,2026
2026_7_538_553_EN,section,Section 193,Section 193,193,Bharatiya Nyaya Sanhita,,2026
2026_7_538_553_EN,section,Section 61,Sections 61,61,Bharatiya Nyaya Sanhita,,2026
2026_7_538_553_EN,section,Section 7,Section 7,7,Bharatiya Nyaya Sanhita,,2026
2026_7_538_553_EN,section,Section 66,Section 66,66,Bharatiya Nyaya Sanhita,,2026
2026_7_538_553_EN,section,Section 61,Sections 61,61,Bharatiya Nyaya Sanhita,,2026
2026_7_538_553_EN,section,Section 66,"Sections 66, 66D",66,Bharatiya Nyaya Sanhita,,2026
2026_7_538_553_EN,section,Section 187,Section 187,187,Bharatiya Nyaya Sanhita,,2026
2026_7_538_553_EN,statute,Bharatiya Nyaya Sanhita,"At the outset, we deem it appropriate to extract the statutory provisions
concerning default bail in the BNSS and corresponding sections of
the erstwhile Criminal Procedure Code",Bharatiya Nyaya Sanhita,Bharatiya Nyaya Sanhita,,2026
S_1966_1_239_258_EN,statute,"If ensures in cases when accused cannot be sentenced to imprisonment. The respondents were arrested by the police for the offence of trespass and were released on bail. They were tried and sentenced to pay a fine by the Nyaya Panchayat, a court established under the Madhya Bharat Panchayat Act, 1949","If ensures in cases when accused cannot be sentenced to imprisonment.
The respondents were arrested by the police for the offence of
trespass and were released on bail. They were tried and sentenced
to pay a fine by the Nyaya Panchayat, a court established under the
Madhya Bharat Panchayat Act, 1949","If ensures in cases when accused cannot be sentenced to imprisonment. The respondents were arrested by the police for the offence of trespass and were released on bail. They were tried and sentenced to pay a fine by the Nyaya Panchayat, a court established under the Madhya Bharat Panchayat Act, 1949","If ensures in cases when accused cannot be sentenced to imprisonment. The respondents were arrested by the police for the offence of trespass and were released on bail. They were tried and sentenced to pay a fine by the Nyaya Panchayat, a court established under the Madhya Bharat Panchayat Act, 1949",,
S_1966_1_239_258_EN,statute,"Penal Code. The respondents were later arrested by the police and released on the execution of surety bonds whereby the sureties undertook to produce them as required by the police. The case against the respondents was thereafter put up before the Nyaya Panchayat, a court established under the Madhya Bharat Panchayat Act, 1949","Penal Code. The
respondents were later arrested by the police and released on the
execution of surety bonds whereby the sureties undertook to produce them as required by the police. The case against the respondents was thereafter put up before the Nyaya Panchayat, a court
established under the Madhya Bharat Panchayat Act, 1949","Penal Code. The respondents were later arrested by the police and released on the execution of surety bonds whereby the sureties undertook to produce them as required by the police. The case against the respondents was thereafter put up before the Nyaya Panchayat, a court established under the Madhya Bharat Panchayat Act, 1949","Penal Code. The respondents were later arrested by the police and released on the execution of surety bonds whereby the sureties undertook to produce them as required by the police. The case against the respondents was thereafter put up before the Nyaya Panchayat, a court established under the Madhya Bharat Panchayat Act, 1949",,
S_1966_1_239_258_EN,statute,"Now we find that the Act expressly provides that the Nyaya G Panchayat cannot inflict a sentence of imprisonment, not even one jn default of payment of fine which it is authorised to impose. We also find that the Act","Now we find that the Act expressly provides that the Nyaya
G
Panchayat cannot inflict a sentence of imprisonment, not even
one jn default of payment of fine which it is authorised to impose. We also find that the Act","Now we find that the Act expressly provides that the Nyaya G Panchayat cannot inflict a sentence of imprisonment, not even one jn default of payment of fine which it is authorised to impose. We also find that the Act","Now we find that the Act expressly provides that the Nyaya G Panchayat cannot inflict a sentence of imprisonment, not even one jn default of payment of fine which it is authorised to impose. We also find that the Act",,
S_1992_1_984_993_EN,section,Section 2,Section 2,2,Bharatiya Nyaya Sanhita,,
S_1992_1_984_993_EN,statute,Bharatiya Nyaya Sanhita,"The question which thus arises for considerauon in .these appeals is
E whether the contract carries permit holders of mini bnses are entitled to
pick up individual passengers at the starting point of their journey.
F
G
It would be convenient and necessary at this stage to refer to the
relevant provisions under the old Motor Vehicles Act, 1939",Bharatiya Nyaya Sanhita,Bharatiya Nyaya Sanhita,,
S_1992_3_246_256_EN,statute,"Nyaya Panchayat constituted under U.P. Panchayat Raj Act, 1947","Nyaya Panchayat constituted
under U.P. Panchayat Raj Act, 1947","Nyaya Panchayat constituted under U.P. Panchayat Raj Act, 1947","Nyaya Panchayat constituted under U.P. Panchayat Raj Act, 1947",,
S_1992_3_246_256_EN,statute,Whether amounts to judicial separation-Wliether Nyaya Panchayat has jurisdiction under the Panchayat Raj Act,Whether amounts to judicial separation-Wliether Nyaya Panchayat has jurisdiction under the Panchayat Raj Act,Whether amounts to judicial separation-Wliether Nyaya Panchayat has jurisdiction under the Panchayat Raj Act,Whether amounts to judicial separation-Wliether Nyaya Panchayat has jurisdiction under the Panchayat Raj Act,,
S_1992_3_246_256_EN,statute,"Nyaya Panchayat to decide matrimonial matiers. Hindu MarriageAct, 1955","Nyaya Panchayat to decide matrimonial matiers.
Hindu MarriageAct, 1955","Nyaya Panchayat to decide matrimonial matiers. Hindu MarriageAct, 1955","Nyaya Panchayat to decide matrimonial matiers. Hindu MarriageAct, 1955",,
S_1992_3_246_256_EN,statute,"F recorded by the Adalat Nyaya Panchayat. According to the settlement, some lands were to be transferred in favour of the first wife and the relationship of husband and wife between the two appellants would be deemed to have ceased to exist, and the first wife would get the criminal G case dismissed. In pursuance of the consent order, the father of appellant-husband executed a sale deed in favour of his daughter-in-law, the appellant-first wife, conveying two Bhumidhari plots. In the proceedings taken under the U.P. Imposition of Ceiling on H Lan'd lloldings Act, 1960","F
recorded by the Adalat Nyaya Panchayat. According to the settlement,
some lands were to be transferred in favour of the first wife and the
relationship of husband and wife between the two appellants would be
deemed to have ceased to exist, and the first wife would get the criminal
G
case dismissed.
In pursuance of the consent order, the father of appellant-husband
executed a sale deed in favour of his daughter-in-law, the appellant-first
wife, conveying two Bhumidhari plots.
In the proceedings taken under the U.P. Imposition of Ceiling on
H Lan'd lloldings Act, 1960","F recorded by the Adalat Nyaya Panchayat. According to the settlement, some lands were to be transferred in favour of the first wife and the relationship of husband and wife between the two appellants would be deemed to have ceased to exist, and the first wife would get the criminal G case dismissed. In pursuance of the consent order, the father of appellant-husband executed a sale deed in favour of his daughter-in-law, the appellant-first wife, conveying two Bhumidhari plots. In the proceedings taken under the U.P. Imposition of Ceiling on H Lan'd lloldings Act, 1960","F recorded by the Adalat Nyaya Panchayat. According to the settlement, some lands were to be transferred in favour of the first wife and the relationship of husband and wife between the two appellants would be deemed to have ceased to exist, and the first wife would get the criminal G case dismissed. In pursuance of the consent order, the father of appellant-husband executed a sale deed in favour of his daughter-in-law, the appellant-first wife, conveying two Bhumidhari plots. In the proceedings taken under the U.P. Imposition of Ceiling on H Lan'd lloldings Act, 1960",,
S_1992_3_246_256_EN,statute,It only enables the Nyaya Panchayat to pass an order by consent in any dispute which was congnizable and which was within their jurisdiction. If the Nyaya Panchayat had no jurisdiction to decide a dispute under any of the other provisions of the Act this provision does not enable it to extend or assume any such jurisdiction to decide disputes which are not covered by the other provisions in the Act,"It
only enables the Nyaya Panchayat to pass an order by consent in
any dispute which was congnizable and which was within their jurisdiction.
If the Nyaya Panchayat had no jurisdiction to decide a dispute under
any of the other provisions of the Act this provision does not enable it to
extend or assume any such jurisdiction to decide disputes which are not
covered by the other provisions in the Act",It only enables the Nyaya Panchayat to pass an order by consent in any dispute which was congnizable and which was within their jurisdiction. If the Nyaya Panchayat had no jurisdiction to decide a dispute under any of the other provisions of the Act this provision does not enable it to extend or assume any such jurisdiction to decide disputes which are not covered by the other provisions in the Act,It only enables the Nyaya Panchayat to pass an order by consent in any dispute which was congnizable and which was within their jurisdiction. If the Nyaya Panchayat had no jurisdiction to decide a dispute under any of the other provisions of the Act this provision does not enable it to extend or assume any such jurisdiction to decide disputes which are not covered by the other provisions in the Act,,
S_1992_3_246_256_EN,statute,Nyaya Panchayat. It may be stated that the Ceiling Act,Nyaya Panchayat. It may be stated that the Ceiling Act,Nyaya Panchayat. It may be stated that the Ceiling Act,Nyaya Panchayat. It may be stated that the Ceiling Act,,
S_1992_3_246_256_EN,statute,"In the context, therefore, it means an act done in pursuance of an order or direction of a court of competent jurisdiction. It is used in contrast to separate living by agreement of parties or at the intervention of mediators without the intervention of a judicial proceeding in a competent court of law. A B c That leaves us to the question whether the consent recorded by the Nyaya Panchayat would be one within the meaning of the words 'judicially separated'. There could be no doubt that the U .P. Panchayat Raj Act, 1947","In the context, therefore,
it means an act done in pursuance of an order or direction of a court of
competent jurisdiction. It is used in contrast to separate living by agreement of parties or at the intervention of mediators without the intervention
of a judicial proceeding in a competent court of law.
A
B
c
That leaves us to the question whether the consent recorded by the
Nyaya Panchayat would be one within the meaning of the words 'judicially
separated'. There could be no doubt that the U .P. Panchayat Raj Act, 1947","In the context, therefore, it means an act done in pursuance of an order or direction of a court of competent jurisdiction. It is used in contrast to separate living by agreement of parties or at the intervention of mediators without the intervention of a judicial proceeding in a competent court of law. A B c That leaves us to the question whether the consent recorded by the Nyaya Panchayat would be one within the meaning of the words 'judicially separated'. There could be no doubt that the U .P. Panchayat Raj Act, 1947","In the context, therefore, it means an act done in pursuance of an order or direction of a court of competent jurisdiction. It is used in contrast to separate living by agreement of parties or at the intervention of mediators without the intervention of a judicial proceeding in a competent court of law. A B c That leaves us to the question whether the consent recorded by the Nyaya Panchayat would be one within the meaning of the words 'judicially separated'. There could be no doubt that the U .P. Panchayat Raj Act, 1947",,
S_1992_3_246_256_EN,statute,A dispute which was cognizable and which was within their jurisdiction. It the Nyaya Panchayat had no jurisdiction to decide a dispute under any of the other provisions of Act this provision does not enable it to extend or assume any such jurisdiction to decide disputes which are not covered by the other provisions in the Act,"A
dispute which was cognizable and which was within their jurisdiction. It the
Nyaya Panchayat had no jurisdiction to decide a dispute under any of the
other provisions of Act this provision does not enable it to extend or
assume any such jurisdiction to decide disputes which are not covered by
the other provisions in the Act",A dispute which was cognizable and which was within their jurisdiction. It the Nyaya Panchayat had no jurisdiction to decide a dispute under any of the other provisions of Act this provision does not enable it to extend or assume any such jurisdiction to decide disputes which are not covered by the other provisions in the Act,A dispute which was cognizable and which was within their jurisdiction. It the Nyaya Panchayat had no jurisdiction to decide a dispute under any of the other provisions of Act this provision does not enable it to extend or assume any such jurisdiction to decide disputes which are not covered by the other provisions in the Act,,
S_1996_4_92_130_EN,statute,"Panchayat and Nyaya Panchayats Act, 1983","Panchayat and Nyaya Panchayats Act, 1983","Panchayat and Nyaya Panchayats Act, 1983","Panchayat and Nyaya Panchayats Act, 1983",,
2013_8_1071_1089_EN,statute,"Gram E Nyayalayas Act, 2008","Gram
E
Nyayalayas Act, 2008","Gram E Nyayalayas Act, 2008","Gram E Nyayalayas Act, 2008",,2013
2013_8_1071_1089_EN,statute,"A Gram Nyayalayas Act, 2008","A Gram Nyayalayas Act, 2008","A Gram Nyayalayas Act, 2008","A Gram Nyayalayas Act, 2008",,2013
2013_8_1071_1089_EN,statute,"A similar 'exclusive jurisdiction' has been conferred upon Nyaya Panchayats under the Uttar Pradesh Panchayat Raj Act, 1947","A similar 'exclusive jurisdiction' has been conferred
upon Nyaya Panchayats under the Uttar Pradesh Panchayat
Raj Act, 1947","A similar 'exclusive jurisdiction' has been conferred upon Nyaya Panchayats under the Uttar Pradesh Panchayat Raj Act, 1947","A similar 'exclusive jurisdiction' has been conferred upon Nyaya Panchayats under the Uttar Pradesh Panchayat Raj Act, 1947",,2013
2013_8_1071_1089_EN,statute,"It is not out of place to. mention that a new Act, viz., Gram Nyayalayas Act, 2008","It is not out of place to. mention that a new Act, viz.,
Gram Nyayalayas Act, 2008","It is not out of place to. mention that a new Act, viz., Gram Nyayalayas Act, 2008","It is not out of place to. mention that a new Act, viz., Gram Nyayalayas Act, 2008",,2013
2016_5_990_1012_EN,statute,Bharatiya Nyaya Sanhita,"This is the short question that arises
for determination in the present appeals. The Regulatory Commission
did not'cbnsider it appropriate to confer on itself the said power upon a
construction of the provisions of the Act",Bharatiya Nyaya Sanhita,Bharatiya Nyaya Sanhita,,2016
2016_9_800_818_EN,statute,Bharatiya Nyaya Sanhita,"Atma Ram Mittaf and other such cases.
The learned counsel appearing for the appellants heavily relied
upon the reasbns given by the Court in taking the aforesaid view and on
that basis it was argued that the principle laid down should be made
applicable even in those cases where the protection of the Rent Control
Act",Bharatiya Nyaya Sanhita,Bharatiya Nyaya Sanhita,,2016
2018_3_601_626_EN,statute,"Rajasthan Panchayat and Nyaya Panchayat Election Rules, 1960","Rajasthan Panchayat and Nyaya Panchayat
Election Rules, 1960","Rajasthan Panchayat and Nyaya Panchayat Election Rules, 1960","Rajasthan Panchayat and Nyaya Panchayat Election Rules, 1960",,2018
2019_16_1049_1085_EN,section,Section 4,"ss. 4, 5(ii), 6, 8, 9, 14",4,Bharatiya Nyaya Sanhita,,2019
2019_16_1049_1085_EN,section,Section 48,s.48,48,Bharatiya Nyaya Sanhita,,2019
2019_16_1049_1085_EN,section,Section 4,"ss. 4, 5",4,Bharatiya Nyaya Sanhita,,2019
2019_16_1049_1085_EN,section,Section 5,s.5,5,Bharatiya Nyaya Sanhita,,2019
2019_16_1049_1085_EN,section,Section 4,s.4,4,Bharatiya Nyaya Sanhita,,2019
2025_3_1309_1349_EN,section,Section 196,"Sections 196,
197, 299",196,Bharatiya Nyaya Sanhita,,2025
2025_3_1309_1349_EN,section,Section 196,"ss.196, 197(1), 299, 302, 57",196,Bharatiya Nyaya Sanhita,,2025
2025_3_1309_1349_EN,section,Section 196,"ss.196, 197, 299",196,Bharatiya Nyaya Sanhita,,2025
2025_3_1309_1349_EN,section,Section 196,s.196,196,Bharatiya Nyaya Sanhita,,2025
2025_3_1309_1349_EN,section,Section 196,s.196,196,Bharatiya Nyaya Sanhita,,2025
2025_3_1309_1349_EN,section,Section 196,"ss.196, 197, 299",196,Bharatiya Nyaya Sanhita,,2025
2025_3_1309_1349_EN,section,Section 197,s.197,197,Bharatiya Nyaya Sanhita,,2025
2025_3_1309_1349_EN,section,Section 299,s.299,299,Bharatiya Nyaya Sanhita,,2025
2025_3_1309_1349_EN,section,Section 302,s.302,302,Bharatiya Nyaya Sanhita,,2025
2025_3_1309_1349_EN,section,Section 302,s.302,302,Bharatiya Nyaya Sanhita,,2025
2025_3_1309_1349_EN,section,Section 302,s.302,302,Bharatiya Nyaya Sanhita,,2025
2025_3_1309_1349_EN,section,Section 302,s.302,302,Bharatiya Nyaya Sanhita,,2025
2025_3_1309_1349_EN,section,Section 57,s.57,57,Bharatiya Nyaya Sanhita,,2025
2025_3_1309_1349_EN,section,Section 173,s.173,173,Bharatiya Nagarik Suraksha Sanhita,,2025
2025_3_1309_1349_EN,section,Section 173,s.173,173,Bharatiya Nagarik Suraksha Sanhita,,2025
2025_3_1309_1349_EN,section,Section 173,s.173,173,Bharatiya Nagarik Suraksha Sanhita,,2025
2025_3_1309_1349_EN,section,Section 173,s.173,173,Bharatiya Nagarik Suraksha Sanhita,,2025
2025_3_1309_1349_EN,section,Section 173,s.173,173,Bharatiya Nagarik Suraksha Sanhita,,2025
2025_3_1309_1349_EN,section,Section 173,s.173,173,Bharatiya Nagarik Suraksha Sanhita,,2025
2025_3_1309_1349_EN,section,Section 173,s.173,173,Bharatiya Nyaya Sanhita,,2025
2025_3_1309_1349_EN,section,Section 173,s.173,173,Bharatiya Nyaya Sanhita,,2025
2025_3_1309_1349_EN,section,Section 173,s.173,173,Bharatiya Nyaya Sanhita,,2025
2025_3_1309_1349_EN,section,Section 173,s.173,173,Bharatiya Nyaya Sanhita,,2025
2025_3_1309_1349_EN,section,Section 196,"ss.196, 197(1), 299, 302, 57",196,Bharatiya Nyaya Sanhita,,2025
2025_3_1309_1349_EN,section,Section 173,Section 173,173,Bharatiya Nyaya Sanhita,,2025
2025_3_1309_1349_EN,section,Section 173,s.173,173,Bharatiya Nyaya Sanhita,,2025
2025_3_1309_1349_EN,section,Section 57,s.57,57,Bharatiya Nyaya Sanhita,,2025
2025_3_1309_1349_EN,section,Section 57,s.57,57,Bharatiya Nyaya Sanhita,,2025
2025_3_1309_1349_EN,section,Section 173,s.173,173,Bharatiya Nyaya Sanhita,,2025
2025_3_1309_1349_EN,section,Section 196,"ss.196,
197, 299",196,Bharatiya Nyaya Sanhita,,2025
2025_3_1309_1349_EN,section,Section 173,s.173,173,Bharatiya Nyaya Sanhita,,2025
2025_3_1309_1349_EN,section,Section 196,"ss.196, 197(1), 299, 302, 57",196,Bharatiya Nyaya Sanhita,,2025
2025_3_1309_1349_EN,section,Section 196,s.196,196,Bharatiya Nyaya Sanhita,,2025
2025_3_1309_1349_EN,section,Section 196,s.196,196,Bharatiya Nyaya Sanhita,,2025
2025_3_1309_1349_EN,section,Section 153,s.153,153,Bharatiya Nyaya Sanhita,,2025
2025_3_1309_1349_EN,section,Section 196,s.196,196,Bharatiya Nyaya Sanhita,,2025
2025_3_1309_1349_EN,section,Section 196,s.196,196,Bharatiya Nyaya Sanhita,,2025
2025_3_1309_1349_EN,section,Section 196,"Sections 196, 197(1), 302, 299, 57",196,Bharatiya Nyaya Sanhita,,2025
2025_3_1309_1349_EN,section,Section 528,Section 528,528,Bharatiya Nagarik Suraksha Sanhita,,2025
2025_3_1309_1349_EN,section,Section 196,Section 196,196,Bharatiya Nyaya Sanhita,,2025
2025_3_1309_1349_EN,section,Section 299,Section 299,299,Bharatiya Nyaya Sanhita,,2025
2025_3_1309_1349_EN,section,Section 302,Section 302,302,Bharatiya Nyaya Sanhita,,2025
2025_3_1309_1349_EN,section,Section 302,Section 302,302,Bharatiya Nyaya Sanhita,,2025
2025_3_1309_1349_EN,section,Section 57,Section 57,57,Bharatiya Nyaya Sanhita,,2025
2025_3_1309_1349_EN,section,Section 173,Section 173,173,Bharatiya Nyaya Sanhita,,2025
2025_3_1309_1349_EN,section,Section 173,Section  173,173,Bharatiya Nyaya Sanhita,,2025
2025_3_1309_1349_EN,section,Section 64,Section 64,64,Bharatiya Nyaya Sanhita,,2025
2025_3_1309_1349_EN,section,Section 65,Section 65,65,Bharatiya Nyaya Sanhita,,2025
2025_3_1309_1349_EN,section,Section 66,Section 66,66,Bharatiya Nyaya Sanhita,,2025
2025_3_1309_1349_EN,section,Section 67,Section 67,67,Bharatiya Nyaya Sanhita,,2025
2025_3_1309_1349_EN,section,Section 68,Section 68,68,Bharatiya Nyaya Sanhita,,2025
2025_3_1309_1349_EN,section,Section 69,Section 69,69,Bharatiya Nyaya Sanhita,,2025
2025_3_1309_1349_EN,section,Section 70,"Section
70",70,Bharatiya Nyaya Sanhita,,2025
2025_3_1309_1349_EN,section,Section 71,Section 71,71,Bharatiya Nyaya Sanhita,,2025
2025_3_1309_1349_EN,section,Section 74,Section 74,74,Bharatiya Nyaya Sanhita,,2025
2025_3_1309_1349_EN,section,Section 75,Section 75,75,Bharatiya Nyaya Sanhita,,2025
2025_3_1309_1349_EN,section,Section 76,Section 76,76,Bharatiya Nyaya Sanhita,,2025
2025_3_1309_1349_EN,section,Section 77,"Section
77",77,Bharatiya Nyaya Sanhita,,2025
2025_3_1309_1349_EN,section,Section 78,Section 78,78,Bharatiya Nyaya Sanhita,,2025
2025_3_1309_1349_EN,section,Section 79,Section 79,79,Bharatiya Nyaya Sanhita,,2025
2025_3_1309_1349_EN,section,Section 124,Section 124,124,Bharatiya Nyaya Sanhita,,2025
2025_3_1309_1349_EN,section,Section 64,Section 64,64,Bharatiya Nyaya Sanhita,,2025
2025_3_1309_1349_EN,section,Section 65,Section 65,65,Bharatiya Nyaya Sanhita,,2025
2025_3_1309_1349_EN,section,Section 66,Section 66,66,Bharatiya Nyaya Sanhita,,2025
2025_3_1309_1349_EN,section,Section 67,Section 67,67,Bharatiya Nyaya Sanhita,,2025
2025_3_1309_1349_EN,section,Section 68,Section 68,68,Bharatiya Nyaya Sanhita,,2025
2025_3_1309_1349_EN,section,Section 69,Section 69,69,Bharatiya Nyaya Sanhita,,2025
2025_3_1309_1349_EN,section,Section 70,Section 70,70,Bharatiya Nyaya Sanhita,,2025
2025_3_1309_1349_EN,section,Section 71,Section 71,71,Bharatiya Nyaya Sanhita,,2025
2025_3_1309_1349_EN,section,Section 74,"Section
74",74,Bharatiya Nyaya Sanhita,,2025
2025_3_1309_1349_EN,section,Section 75,Section 75,75,Bharatiya Nyaya Sanhita,,2025
2025_3_1309_1349_EN,section,Section 76,Section 76,76,Bharatiya Nyaya Sanhita,,2025
2025_3_1309_1349_EN,section,Section 77,Section 77,77,Bharatiya Nyaya Sanhita,,2025
2025_3_1309_1349_EN,section,Section 78,Section 78,78,Bharatiya Nyaya Sanhita,,2025
2025_3_1309_1349_EN,section,Section 79,"Section
79",79,Bharatiya Nyaya Sanhita,,2025
2025_3_1309_1349_EN,section,Section 124,Section 124,124,Bharatiya Nyaya Sanhita,,2025
2025_3_1309_1349_EN,section,Section 183,Section 183,183,Bharatiya Nyaya Sanhita,,2025
2025_3_1309_1349_EN,section,Section 175,"Section
175",175,Bharatiya Nyaya Sanhita,,2025
2025_3_1309_1349_EN,section,Section 173,Section 173,173,Bharatiya Nyaya Sanhita,,2025
2025_3_1309_1349_EN,section,Section 173,Section 173,173,Bharatiya Nyaya Sanhita,,2025
2025_3_1309_1349_EN,section,Section 173,Section 173,173,Bharatiya Nyaya Sanhita,,2025
2025_3_1309_1349_EN,section,Section 173,Section 173,173,Bharatiya Nyaya Sanhita,,2025
2025_3_1309_1349_EN,section,Section 115,Section 115,115,Bharatiya Nyaya Sanhita,,2025
2025_3_1309_1349_EN,section,Section 117,Section 117,117,Bharatiya Nyaya Sanhita,,2025
2025_3_1309_1349_EN,section,Section 173,Section 173,173,Bharatiya Nyaya Sanhita,,2025
2025_3_1309_1349_EN,section,Section 196,Section 196,196,Bharatiya Nyaya Sanhita,,2025
2025_3_1309_1349_EN,section,Section 196,Section 196,196,Bharatiya Nyaya Sanhita,,2025
2025_3_1309_1349_EN,section,Section 197,"Sections 197, 299",197,Bharatiya Nyaya Sanhita,,2025
2025_3_1309_1349_EN,section,Section 173,Section 173,173,Bharatiya Nyaya Sanhita,,2025
2025_3_1309_1349_EN,section,Section 196,Section 196,196,Bharatiya Nyaya Sanhita,,2025
2025_3_1309_1349_EN,section,Section 173,Section 173,173,Bharatiya Nyaya Sanhita,,2025
2025_3_1309_1349_EN,section,Section 173,Section 173,173,Bharatiya Nyaya Sanhita,,2025
2025_3_1309_1349_EN,section,Section 57,Section 57,57,Bharatiya Nyaya Sanhita,,2025
2025_3_1309_1349_EN,section,Section 57,Section 57,57,Bharatiya Nyaya Sanhita,,2025
2025_3_1309_1349_EN,section,Section 173,Section 173,173,Bharatiya Nyaya Sanhita,,2025
2025_3_1309_1349_EN,section,Section 173,"Section
173",173,Bharatiya Nyaya Sanhita,,2025
2025_3_1309_1349_EN,section,Section 173,Section 173,173,Bharatiya Nyaya Sanhita,,2025
2025_3_1309_1349_EN,section,Section 173,Section 173,173,Bharatiya Nyaya Sanhita,,2025
2025_3_1309_1349_EN,section,Section 196,"Sections 196, 197, 299",196,Bharatiya Nyaya Sanhita,,2025
2025_3_1309_1349_EN,section,Section 196,Section 196,196,Bharatiya Nyaya Sanhita,,2025
2025_3_1309_1349_EN,section,Section 197,"Sections 197, 299",197,Bharatiya Nyaya Sanhita,,2025
2025_3_1309_1349_EN,section,Section 173,Section 173,173,Bharatiya Nyaya Sanhita,,2025
2025_3_1309_1349_EN,section,Section 173,Section 173,173,Bharatiya Nyaya Sanhita,,2025
2025_3_1309_1349_EN,section,Section 173,Section 173,173,Bharatiya Nyaya Sanhita,,2025
2024_10_1513_1632_EN,section,Section 199,Section 199,199,Bharatiya Nyaya Sanhita,,2024
2024_10_154_314_EN,section,Section 482,"Section
482",482,Bharatiya Nagarik Suraksha Sanhita,,2024
2024_10_154_314_EN,section,Section 530,Section 530,530,Bharatiya Nagarik Suraksha Sanhita,,2024
2024_10_154_314_EN,section,Section 69,Section 69,69,Bharatiya Nagarik Suraksha Sanhita,,2024
2024_10_154_314_EN,section,Section 482,Section 482,482,Bharatiya Nagarik Suraksha Sanhita,,2024
2024_10_154_314_EN,section,Section 69,Section 69,69,Bharatiya Nagarik Suraksha Sanhita,,2024
2024_10_154_314_EN,section,Section 278E,Section 278E,278E,Bharatiya Nagarik Suraksha Sanhita,,2024
2024_10_154_314_EN,section,Section 30,Section 30,30,Bharatiya Nagarik Suraksha Sanhita,,2024
2024_10_154_314_EN,section,Section 30,Section 30,30,Bharatiya Nagarik Suraksha Sanhita,,2024
2024_10_154_314_EN,section,Section 30,Section 30,30,Bharatiya Nagarik Suraksha Sanhita,,2024
2024_10_154_314_EN,section,Section 14,Section 14,14,Bharatiya Nagarik Suraksha Sanhita,,2024
2024_10_154_314_EN,section,Section 15,Section 15,15,Bharatiya Nagarik Suraksha Sanhita,,2024
2024_10_154_314_EN,section,Section 15,Section 15,15,Bharatiya Nagarik Suraksha Sanhita,,2024
2024_10_154_314_EN,section,Section 14,Section 14,14,Bharatiya Nagarik Suraksha Sanhita,,2024
2024_10_154_314_EN,section,Section 15,Section 15,15,Bharatiya Nagarik Suraksha Sanhita,,2024
2024_12_627_636_EN,section,Section 50,Section 50,50,Bharatiya Nagarik Suraksha Sanhita,,2024
2024_12_627_636_EN,section,Section 45,Section 45,45,Bharatiya Nagarik Suraksha Sanhita,,2024
2024_12_627_636_EN,section,Section 479,Section 479,479,Bharatiya Nagarik Suraksha Sanhita,,2024
2024_12_627_636_EN,section,Section 479,Section 479,479,Bharatiya Nagarik Suraksha Sanhita,,2024
2024_12_627_636_EN,section,Section 479,Section 479,479,Bharatiya Nagarik Suraksha Sanhita,,2024
2024_12_627_636_EN,section,Section 50,Section 50,50,Bharatiya Nagarik Suraksha Sanhita,,2024
2024_6_129_163_EN,section,Section 85,Sections 85,85,Bharatiya Nyaya Sanhita,,2024
2024_7_1321_1346_EN,statute,ABSA. Such an incongruent situation could be averted by amending the Rules,"ABSA. Such an
incongruent situation could be averted by amending the Rules",ABSA. Such an incongruent situation could be averted by amending the Rules,ABSA. Such an incongruent situation could be averted by amending the Rules,,2024
2025_10_354_367_EN,section,Section 528,Section 528,528,Bharatiya Nagarik Suraksha Sanhita,,2025
2025_11_291_326_EN,section,Section 38,Section 38,38,Bharatiya Nagarik Suraksha Sanhita,,2025
2025_11_37_59_EN,section,Section 8,"Section
8",8,Bharatiya Sakshya Adhiniyam,,2025
2025_11_37_59_EN,section,Section 6,Section 6,6,Bharatiya Sakshya Adhiniyam,,2025
2025_12_221_247_EN,section,Section 147,Section 147,147,Bharatiya Sakshya Adhiniyam,,2025
2025_12_221_247_EN,section,Section 148,Section 148,148,Bharatiya Sakshya Adhiniyam,,2025
2025_12_221_247_EN,section,Section 147,Section 147,147,Bharatiya Sakshya Adhiniyam,,2025
2025_12_221_247_EN,section,Section 148,Section 148,148,Bharatiya Sakshya Adhiniyam,,2025
2025_12_221_247_EN,section,Section 144,Section 144,144,Bharatiya Sakshya Adhiniyam,,2025
2025_12_221_247_EN,section,Section 145,Section 145,145,Bharatiya Sakshya Adhiniyam,,2025
2025_12_43_122_EN,section,Section 2,s.2,2,Bharatiya Nyaya Sanhita,,2025
2025_12_43_122_EN,section,Section 3,s.3,3,Bharatiya Nyaya Sanhita,,2025
2025_12_43_122_EN,section,Section 19,Section 19,19,Bharatiya Nyaya Sanhita,,2025
2025_12_43_122_EN,section,Section 19,Section 19,19,Bharatiya Nyaya Sanhita,,2025
2025_12_43_122_EN,section,Section 3,Section 3,3,Bharatiya Nyaya Sanhita,,2025
2025_12_43_122_EN,section,Section 2,Section 2,2,Bharatiya Nyaya Sanhita,,2025
2025_12_43_122_EN,section,Section 3,Section 3,3,Bharatiya Nyaya Sanhita,,2025
2025_12_43_122_EN,section,Section 2,Section 2,2,Bharatiya Nyaya Sanhita,,2025
2025_12_43_122_EN,section,Section 19,"Section
19",19,Bharatiya Nyaya Sanhita,,2025
2025_12_43_122_EN,statute,Bharatiya Nyaya Sanhita,"This Court observed that the definition of
the BNS emphasizes due care and attention whereas the definition
of the GC Act",Bharatiya Nyaya Sanhita,Bharatiya Nyaya Sanhita,,2025
2025_12_43_122_EN,section,Section 3,Section 3,3,Bharatiya Nyaya Sanhita,,2025
2025_12_43_122_EN,section,Section 2,Section 2,2,Bharatiya Nyaya Sanhita,,2025
2025_1_1469_1490_EN,section,Section 156,Section 156,156,Bharatiya Nagarik Suraksha Sanhita,,2025
2025_1_1469_1490_EN,section,Section 156,Section 156,156,Bharatiya Nagarik Suraksha Sanhita,,2025
2025_1_1469_1490_EN,section,Section 175,Section 175,175,Bharatiya Nagarik Suraksha Sanhita,,2025
2025_1_1469_1490_EN,section,Section 156,Section 156,156,Bharatiya Nagarik Suraksha Sanhita,,2025
2025_1_1469_1490_EN,section,Section 175,Section 175,175,Bharatiya Nagarik Suraksha Sanhita,,2025
2025_1_1469_1490_EN,section,Section 175,Section 175,175,Bharatiya Nagarik Suraksha Sanhita,,2025
2025_1_1469_1490_EN,section,Section 156,Section 156,156,Bharatiya Nagarik Suraksha Sanhita,,2025
2025_1_1469_1490_EN,section,Section 175,Section 175,175,Bharatiya Nagarik Suraksha Sanhita,,2025
2025_1_1469_1490_EN,section,Section 210,"Section
210",210,Bharatiya Nagarik Suraksha Sanhita,,2025
2025_1_1469_1490_EN,section,Section 175,Section 175,175,Bharatiya Nagarik Suraksha Sanhita,,2025
2025_1_1469_1490_EN,section,Section 156,Section 156,156,Bharatiya Nagarik Suraksha Sanhita,,2025
2025_1_1469_1490_EN,section,Section 156,Section 156,156,Bharatiya Nagarik Suraksha Sanhita,,2025
2025_1_1469_1490_EN,section,Section 175,Section 175,175,Bharatiya Nagarik Suraksha Sanhita,,2025
2025_1_1469_1490_EN,section,Section 173,"Section
173",173,Bharatiya Nagarik Suraksha Sanhita,,2025
2025_1_1469_1490_EN,section,Section 175,Section 175,175,Bharatiya Nagarik Suraksha Sanhita,,2025
2025_1_1469_1490_EN,section,Section 156,Section 156,156,Bharatiya Nagarik Suraksha Sanhita,,2025
2025_1_1469_1490_EN,section,Section 210,"Section
210",210,Bharatiya Nagarik Suraksha Sanhita,,2025
2025_1_1469_1490_EN,section,Section 175,Section 175,175,Bharatiya Nagarik Suraksha Sanhita,,2025
2025_1_1469_1490_EN,section,Section 156,Section 156,156,Bharatiya Nagarik Suraksha Sanhita,,2025
2025_1_1469_1490_EN,section,Section 175,Section 175,175,Bharatiya Nagarik Suraksha Sanhita,,2025
2025_1_1469_1490_EN,section,Section 173,Section 173,173,Bharatiya Nagarik Suraksha Sanhita,,2025
2025_1_1469_1490_EN,section,Section 175,Section 175,175,Bharatiya Nagarik Suraksha Sanhita,,2025
2025_1_1469_1490_EN,section,Section 156(3),Section 156(3),156(3),Bharatiya Nagarik Suraksha Sanhita,,2025
2025_1_1469_1490_EN,section,Section 156,Section 156,156,Bharatiya Nagarik Suraksha Sanhita,,2025
2025_1_1469_1490_EN,section,Section 156(3),Section 156(3),156(3),Bharatiya Nagarik Suraksha Sanhita,,2025
2025_1_1469_1490_EN,section,Section 154,Sections 154,154,Bharatiya Nagarik Suraksha Sanhita,,2025
2025_1_1469_1490_EN,section,Section 156(3),Section 156(3),156(3),Bharatiya Nagarik Suraksha Sanhita,,2025
2025_1_1469_1490_EN,section,Section 156,Section 156,156,Bharatiya Nagarik Suraksha Sanhita,,2025
2025_1_1469_1490_EN,section,Section 175,Section 175,175,Bharatiya Nagarik Suraksha Sanhita,,2025
2025_1_1469_1490_EN,section,Section 156,Section 156,156,Bharatiya Nagarik Suraksha Sanhita,,2025
2025_1_1469_1490_EN,section,Section 175,Section 175,175,Bharatiya Nagarik Suraksha Sanhita,,2025
2025_1_1469_1490_EN,section,Section 173,"Section
173",173,Bharatiya Nagarik Suraksha Sanhita,,2025
2025_1_1469_1490_EN,section,Section 156,Section 156,156,Bharatiya Nagarik Suraksha Sanhita,,2025
2025_2_1241_1272_EN,section,Section 17,Section 17,17,Bharatiya Nagarik Suraksha Sanhita,,2025
2025_2_424_451_EN,section,Section 42,Section 42,42,Bharatiya Nagarik Suraksha Sanhita,,2025
2025_2_424_451_EN,section,Section 41,Section 41,41,Bharatiya Nagarik Suraksha Sanhita,,2025
2025_2_424_451_EN,section,Section 35,"Section
35",35,Bharatiya Nagarik Suraksha Sanhita,,2025
2025_2_424_451_EN,section,Section 50,Section 50,50,Bharatiya Nagarik Suraksha Sanhita,,2025
2025_2_424_451_EN,section,Section 47,Section 47,47,Bharatiya Nagarik Suraksha Sanhita,,2025
2025_2_424_451_EN,section,Section 50,Section 50,50,Bharatiya Nagarik Suraksha Sanhita,,2025
2025_2_424_451_EN,section,Section 47,Section 47,47,Bharatiya Nagarik Suraksha Sanhita,,2025
2025_2_80_91_EN,section,Section 306,s.306,306,Bharatiya Nyaya Sanhita,,2025
2025_2_80_91_EN,section,Section 306,s.306,306,Bharatiya Nyaya Sanhita,,2025
2025_2_80_91_EN,section,Section 306,s.306,306,Bharatiya Nyaya Sanhita,,2025
2025_2_80_91_EN,section,Section 306,s.306,306,Bharatiya Nyaya Sanhita,,2025
2025_2_80_91_EN,section,Section 108,"ss.108, 45",108,Bharatiya Nyaya Sanhita,,2025
2025_2_80_91_EN,section,Section 306,"ss.306, 107",306,Bharatiya Nyaya Sanhita,,2025
2025_2_80_91_EN,section,Section 306,s.306,306,Bharatiya Nyaya Sanhita,,2025
2025_2_80_91_EN,section,Section 306,Section 306,306,Bharatiya Nyaya Sanhita,,2025
2025_3_1531_1546_EN,section,Section 7,s.7,7,Bharatiya Nyaya Sanhita,,2025
2025_3_1531_1546_EN,section,Section 61,s.61,61,Bharatiya Nyaya Sanhita,,2025
2025_3_1531_1546_EN,section,Section 61,s.61,61,Bharatiya Nyaya Sanhita,,2025
2025_3_1531_1546_EN,section,Section 7,s.7,7,Bharatiya Nyaya Sanhita,,2025
2025_3_1531_1546_EN,section,Section 61,s.61,61,Bharatiya Nyaya Sanhita,,2025
2025_3_1531_1546_EN,section,Section 7,Section 7,7,Bharatiya Nyaya Sanhita,,2025
2025_3_1531_1546_EN,section,Section 61,Section 61,61,Bharatiya Nyaya Sanhita,,2025
2025_4_1476_1489_EN,section,Section 218,Section 218,218,Bharatiya Nagarik Suraksha Sanhita,,2025
2025_4_1476_1489_EN,section,Section 531,Section 531,531,Bharatiya Nagarik Suraksha Sanhita,,2025
2025_4_1507_1521_EN,section,Section 351,s.351,351,Bharatiya Nagarik Suraksha Sanhita,,2025
2025_4_2536_2548_EN,section,Section 19,"Section
19",19,Bharatiya Nagarik Suraksha Sanhita,,2025
2025_4_2536_2548_EN,section,Section 197,Section 197,197,Bharatiya Nagarik Suraksha Sanhita,,2025
2025_4_2536_2548_EN,section,Section 218,Section 218,218,Bharatiya Nagarik Suraksha Sanhita,,2025
2025_4_2536_2548_EN,section,Section 19,Section 19,19,Bharatiya Nagarik Suraksha Sanhita,,2025
2025_4_2730_2735_EN,section,Section 498A,s.498A,498A,Bharatiya Nyaya Sanhita,,2025
2025_4_2730_2735_EN,section,Section 84,s.84,84,Bharatiya Nyaya Sanhita,,2025
2025_4_2730_2735_EN,section,Section 498A,s.498A,498A,Bharatiya Nyaya Sanhita,,2025
2025_4_2730_2735_EN,section,Section 498A,s.498A,498A,Bharatiya Nyaya Sanhita,,2025
2025_4_2730_2735_EN,section,Section 84,s.84,84,Bharatiya Nyaya Sanhita,,2025
2025_4_2730_2735_EN,section,Section 498A,Section 498A,498A,Bharatiya Nyaya Sanhita,,2025
